batchsize,cpus,gpumem,gpupower,gputype,norm.(rps/budget)
4,1,0.8,50,M60,0.2738081616588891
4,1,0.8,50,K80,0.2792836590356092
4,1,0.8,50,T4,0.009897181293891744
4,1,0.8,50,V100,0.1608822186339651
4,1,0.8,75,M60,0.0444790125538129
4,1,0.8,75,K80,0.18602904853631552
4,1,0.8,75,T4,0.2361692077084751
4,1,0.8,75,V100,0.06567611100400494
4,1,0.8,100,M60,0.08302927669061719
4,1,0.8,100,K80,0.11501681157063241
4,1,0.8,100,T4,0.04444010171942592
4,1,0.8,100,V100,0.04286396523747076
4,1,1.2,50,M60,0.2703875889236915
4,1,1.2,50,K80,0.06497152630525327
4,1,1.2,50,T4,0.07809429929820735
4,1,1.2,50,V100,0.11317884531357983
4,1,1.2,75,M60,0.25560157558590574
4,1,1.2,75,K80,0.23376622053060495
4,1,1.2,75,T4,0.022375454377526575
4,1,1.2,75,V100,0.04414623589626589
4,1,1.2,100,M60,0.26985665138194437
4,1,1.2,100,K80,0.2080967303175539
4,1,1.2,100,T4,0.2782329389389053
4,1,1.2,100,V100,0.08048856017994216
4,1,1.6,50,M60,0.13527210739398926
4,1,1.6,50,K80,0.10875079418791724
4,1,1.6,50,T4,0.16038247407566922
4,1,1.6,50,V100,0.08747905228395493
4,1,1.6,75,M60,0.18516544912632726
4,1,1.6,75,K80,0.27966073547987597
4,1,1.6,75,T4,0.08631089504396734
4,1,1.6,75,V100,0.02855501144519271
4,1,1.6,100,M60,0.08010171527173068
4,1,1.6,100,K80,0.1274458098782192
4,1,1.6,100,T4,0.18308664306183675
4,1,1.6,100,V100,0.10115550148218759
4,1,2.4,50,M60,0.2300649967544469
4,1,2.4,50,K80,0.08734204373654766
4,1,2.4,50,T4,0.14498541207511378
4,1,2.4,50,V100,0.00820769094963379
4,1,2.4,75,M60,0.16989936363614586
4,1,2.4,75,K80,0.20733863892903975
4,1,2.4,75,T4,0.2654611077229916
4,1,2.4,75,V100,0.09547315664889597
4,1,2.4,100,M60,0.014019814705513103
4,1,2.4,100,K80,0.1560799251277152
4,1,2.4,100,T4,0.2276121511168572
4,1,2.4,100,V100,0.09961198528387248
4,2,0.8,50,M60,0.10049829105557281
4,2,0.8,50,K80,0.050967507431727496
4,2,0.8,50,T4,0.2607244837605267
4,2,0.8,50,V100,0.07759864671868721
4,2,0.8,75,M60,0.18496691323273698
4,2,0.8,75,K80,0.1176210141947041
4,2,0.8,75,T4,0.2662327150703316
4,2,0.8,75,V100,0.24652305429670765
4,2,0.8,100,M60,0.12843160558631733
4,2,0.8,100,K80,0.1984808056549002
4,2,0.8,100,T4,0.2828312191085505
4,2,0.8,100,V100,0.07105012806639284
4,2,1.2,50,M60,0.1783446393593659
4,2,1.2,50,K80,0.1955224967599439
4,2,1.2,50,T4,0.02561413934258152
4,2,1.2,50,V100,0.16599100971682676
4,2,1.2,75,M60,0.20370479919042733
4,2,1.2,75,K80,0.2264659036969349
4,2,1.2,75,T4,0.08703992714358208
4,2,1.2,75,V100,0.04478578393382124
4,2,1.2,100,M60,0.0093444042225558
4,2,1.2,100,K80,0.09180313195396687
4,2,1.2,100,T4,0.282457278483821
4,2,1.2,100,V100,0.20720752825028554
4,2,1.6,50,M60,0.09770040480835696
4,2,1.6,50,K80,0.027481841917114187
4,2,1.6,50,T4,0.13854903506637956
4,2,1.6,50,V100,0.2744931339527386
4,2,1.6,75,M60,0.2627626790569499
4,2,1.6,75,K80,0.28326265248795396
4,2,1.6,75,T4,0.08959937696498746
4,2,1.6,75,V100,0.16482604736764772
4,2,1.6,100,M60,0.1078894734770137
4,2,1.6,100,K80,0.2575152861487645
4,2,1.6,100,T4,0.27218629919529375
4,2,1.6,100,V100,0.1401928174059277
4,2,2.4,50,M60,0.2710283653220396
4,2,2.4,50,K80,0.053752302274056446
4,2,2.4,50,T4,0.00034270284035612715
4,2,2.4,50,V100,0.061328408575858605
4,2,2.4,75,M60,0.15135304474209849
4,2,2.4,75,K80,0.22187101159681402
4,2,2.4,75,T4,0.05735724199778855
4,2,2.4,75,V100,0.09000829427803259
4,2,2.4,100,M60,0.171860816294287
4,2,2.4,100,K80,0.24830767299831796
4,2,2.4,100,T4,0.15990963556677773
4,2,2.4,100,V100,0.11387976803380088
4,3,0.8,50,M60,0.17211881065252826
4,3,0.8,50,K80,0.10653062054996984
4,3,0.8,50,T4,0.12464587879321665
4,3,0.8,50,V100,0.20671091185656237
4,3,0.8,75,M60,0.0982261183650426
4,3,0.8,75,K80,0.17944421699558233
4,3,0.8,75,T4,0.1331046895980868
4,3,0.8,75,V100,0.2825089439415019
4,3,0.8,100,M60,0.18267491517307802
4,3,0.8,100,K80,0.09155740655199557
4,3,0.8,100,T4,0.08997548693434211
4,3,0.8,100,V100,0.1518975268378436
4,3,1.2,50,M60,0.057007587040129634
4,3,1.2,50,K80,0.22807863887884572
4,3,1.2,50,T4,0.09791316363290019
4,3,1.2,50,V100,0.127071571893452
4,3,1.2,75,M60,0.12465421467629671
4,3,1.2,75,K80,0.17656734860379686
4,3,1.2,75,T4,0.27591342576699585
4,3,1.2,75,V100,0.07681242411793132
4,3,1.2,100,M60,0.13610539498111604
4,3,1.2,100,K80,0.035676013436358664
4,3,1.2,100,T4,0.014556738001458023
4,3,1.2,100,V100,0.26541374703996534
4,3,1.6,50,M60,0.16548753920539638
4,3,1.6,50,K80,0.13129672292402533
4,3,1.6,50,T4,0.16873917629470883
4,3,1.6,50,V100,0.045391835163588766
4,3,1.6,75,M60,0.12225936309425535
4,3,1.6,75,K80,0.0871160595815382
4,3,1.6,75,T4,0.13528664778342578
4,3,1.6,75,V100,0.2874514245451338
4,3,1.6,100,M60,0.18096560418436333
4,3,1.6,100,K80,0.24570375649000903
4,3,1.6,100,T4,0.029668162368197065
4,3,1.6,100,V100,0.17382016769785832
4,3,2.4,50,M60,0.1140900414679015
4,3,2.4,50,K80,0.2308470259465574
4,3,2.4,50,T4,0.24900816765968542
4,3,2.4,50,V100,0.23963312575990806
4,3,2.4,75,M60,0.10888625579326366
4,3,2.4,75,K80,0.27364205616011766
4,3,2.4,75,T4,0.14265796006515338
4,3,2.4,75,V100,0.2751490944513002
4,3,2.4,100,M60,0.10966840764852842
4,3,2.4,100,K80,0.2220149874524148
4,3,2.4,100,T4,0.046019919460659725
4,3,2.4,100,V100,0.07063211483668817
4,4,0.8,50,M60,0.2780716908335839
4,4,0.8,50,K80,0.21146095876610926
4,4,0.8,50,T4,0.13821753832538855
4,4,0.8,50,V100,0.14843334613981934
4,4,0.8,75,M60,0.017441213610822747
4,4,0.8,75,K80,0.21913291640404162
4,4,0.8,75,T4,0.0004903135873616626
4,4,0.8,75,V100,0.15120472855092612
4,4,0.8,100,M60,0.016251742146190403
4,4,0.8,100,K80,0.0941150359795746
4,4,0.8,100,T4,0.18483675935270302
4,4,0.8,100,V100,0.2253196910719441
4,4,1.2,50,M60,0.26027835975461544
4,4,1.2,50,K80,0.23433941215954673
4,4,1.2,50,T4,0.01292307472465498
4,4,1.2,50,V100,0.11000163212489071
4,4,1.2,75,M60,0.2897904564358117
4,4,1.2,75,K80,0.26892661171151416
4,4,1.2,75,T4,0.28174386069124885
4,4,1.2,75,V100,0.04703736044204372
4,4,1.2,100,M60,0.002256300841728018
4,4,1.2,100,K80,0.041605946942698126
4,4,1.2,100,T4,0.06937307161372787
4,4,1.2,100,V100,0.05216385538047038
4,4,1.6,50,M60,0.04648177264007262
4,4,1.6,50,K80,0.1381018013489086
4,4,1.6,50,T4,0.06286938337034798
4,4,1.6,50,V100,0.13935888006837222
4,4,1.6,75,M60,0.00895631911864234
4,4,1.6,75,K80,0.12731737569239807
4,4,1.6,75,T4,0.2621724222004472
4,4,1.6,75,V100,0.16781145988559826
4,4,1.6,100,M60,0.13737134367828976
4,4,1.6,100,K80,0.2135758979510944
4,4,1.6,100,T4,0.1703416806910367
4,4,1.6,100,V100,0.12837836118037527
4,4,2.4,50,M60,0.08211117710130877
4,4,2.4,50,K80,0.02254120543791421
4,4,2.4,50,T4,0.18602326531238117
4,4,2.4,50,V100,0.2829614065295339
4,4,2.4,75,M60,0.04592022540171935
4,4,2.4,75,K80,0.07217788516957362
4,4,2.4,75,T4,0.04300255171114678
4,4,2.4,75,V100,0.20393964988859972
4,4,2.4,100,M60,0.06800015801962425
4,4,2.4,100,K80,0.27640988949608036
4,4,2.4,100,T4,0.03762397480731647
4,4,2.4,100,V100,0.145950912120794
4,5,0.8,50,M60,0.032485437726418036
4,5,0.8,50,K80,0.052065790266512216
4,5,0.8,50,T4,0.12669799237474696
4,5,0.8,50,V100,0.13062115263232818
4,5,0.8,75,M60,0.24435742162037166
4,5,0.8,75,K80,0.23348723567983312
4,5,0.8,75,T4,0.202125561557437
4,5,0.8,75,V100,0.17742379458868615
4,5,0.8,100,M60,0.07685394163687123
4,5,0.8,100,K80,0.13589349211861337
4,5,0.8,100,T4,0.21092305937566108
4,5,0.8,100,V100,0.1789384804268093
4,5,1.2,50,M60,0.2226329423910029
4,5,1.2,50,K80,0.1281419169793752
4,5,1.2,50,T4,0.22230366044050673
4,5,1.2,50,V100,0.055990444916054705
4,5,1.2,75,M60,0.02996971798998218
4,5,1.2,75,K80,0.18582021964025644
4,5,1.2,75,T4,0.0616969558689809
4,5,1.2,75,V100,0.25572853912455057
4,5,1.2,100,M60,0.1047492557060252
4,5,1.2,100,K80,0.00406351565528093
4,5,1.2,100,T4,0.1311367453399582
4,5,1.2,100,V100,0.1950063133344334
4,5,1.6,50,M60,0.1777276318172375
4,5,1.6,50,K80,0.0010496172710435302
4,5,1.6,50,T4,0.005777843871018161
4,5,1.6,50,V100,0.14660081250672266
4,5,1.6,75,M60,0.21609962379429615
4,5,1.6,75,K80,0.02718190337929382
4,5,1.6,75,T4,0.17035421721850227
4,5,1.6,75,V100,0.0755532359818609
4,5,1.6,100,M60,0.2215276238716674
4,5,1.6,100,K80,0.026614910508830414
4,5,1.6,100,T4,0.2780456833815608
4,5,1.6,100,V100,0.06683124374423087
4,5,2.4,50,M60,0.2316301898176179
4,5,2.4,50,K80,0.04145591867188008
4,5,2.4,50,T4,0.16929649950945772
4,5,2.4,50,V100,0.2027128178795809
4,5,2.4,75,M60,0.23825812806281987
4,5,2.4,75,K80,0.13687563631665325
4,5,2.4,75,T4,0.2672399111780289
4,5,2.4,75,V100,0.2036131152381112
4,5,2.4,100,M60,0.2329620475723484
4,5,2.4,100,K80,0.18860695950682446
4,5,2.4,100,T4,0.2762401791039556
4,5,2.4,100,V100,0.20874793933864866
8,1,0.8,50,M60,0.15961441025721393
8,1,0.8,50,K80,0.22281898064714759
8,1,0.8,50,T4,0.11180370279330862
8,1,0.8,50,V100,0.23528098662852626
8,1,0.8,75,M60,0.043410871939311736
8,1,0.8,75,K80,0.18096388356047963
8,1,0.8,75,T4,0.14489124033139594
8,1,0.8,75,V100,0.002709730509747079
8,1,0.8,100,M60,0.22060402107468893
8,1,0.8,100,K80,0.07693257987898572
8,1,0.8,100,T4,0.24051944203251077
8,1,0.8,100,V100,0.029226211170017127
8,1,1.2,50,M60,0.1993873283277625
8,1,1.2,50,K80,0.02116745344553515
8,1,1.2,50,T4,0.22995891052290102
8,1,1.2,50,V100,0.02316836526532519
8,1,1.2,75,M60,0.14168324819841843
8,1,1.2,75,K80,0.17964063843701578
8,1,1.2,75,T4,0.014932602019610523
8,1,1.2,75,V100,0.10655430925790443
8,1,1.2,100,M60,0.2657038442571451
8,1,1.2,100,K80,0.2619592188205579
8,1,1.2,100,T4,0.2141491024352646
8,1,1.2,100,V100,0.052570248589117366
8,1,1.6,50,M60,0.23052864459401878
8,1,1.6,50,K80,0.16189331020110337
8,1,1.6,50,T4,0.08327318418390194
8,1,1.6,50,V100,0.06323268508204635
8,1,1.6,75,M60,0.050856532034004955
8,1,1.6,75,K80,0.2874235251916827
8,1,1.6,75,T4,0.19021913270388002
8,1,1.6,75,V100,0.18446850504941817
8,1,1.6,100,M60,0.27477611575354843
8,1,1.6,100,K80,0.0668371162599375
8,1,1.6,100,T4,0.0810085866081238
8,1,1.6,100,V100,0.23942153195378255
8,1,2.4,50,M60,0.28754160031267173
8,1,2.4,50,K80,0.03583337744591569
8,1,2.4,50,T4,0.06795504817050571
8,1,2.4,50,V100,0.0740979050560472
8,1,2.4,75,M60,0.19007090442333516
8,1,2.4,75,K80,0.25541353007238327
8,1,2.4,75,T4,0.19365984303000972
8,1,2.4,75,V100,0.21525129526663694
8,1,2.4,100,M60,0.10182779195083365
8,1,2.4,100,K80,0.19314775494438804
8,1,2.4,100,T4,0.14590880559652533
8,1,2.4,100,V100,0.09334234777759493
8,2,0.8,50,M60,0.1953703045055452
8,2,0.8,50,K80,0.11467649274581722
8,2,0.8,50,T4,0.06899854187058985
8,2,0.8,50,V100,0.27937985953437305
8,2,0.8,75,M60,0.16867587980636203
8,2,0.8,75,K80,0.16611768464439347
8,2,0.8,75,T4,0.013775596567528907
8,2,0.8,75,V100,0.03053633748027578
8,2,0.8,100,M60,0.19786346546188155
8,2,0.8,100,K80,0.0921916881700689
8,2,0.8,100,T4,0.04200018727599944
8,2,0.8,100,V100,0.0742115053778878
8,2,1.2,50,M60,0.21466114523133403
8,2,1.2,50,K80,0.2593382053177639
8,2,1.2,50,T4,0.19166411699748293
8,2,1.2,50,V100,4.8170715645496904e-05
8,2,1.2,75,M60,0.16606103573449152
8,2,1.2,75,K80,0.005834747433765118
8,2,1.2,75,T4,0.20667254215836864
8,2,1.2,75,V100,0.2730696621333573
8,2,1.2,100,M60,0.269218381040352
8,2,1.2,100,K80,0.11936171346081262
8,2,1.2,100,T4,0.20321295361515834
8,2,1.2,100,V100,0.22847340726108942
8,2,1.6,50,M60,0.1720252631577664
8,2,1.6,50,K80,0.25758401847390944
8,2,1.6,50,T4,0.231667294487802
8,2,1.6,50,V100,0.043784092594913566
8,2,1.6,75,M60,0.03101661759735115
8,2,1.6,75,K80,0.20202238901018463
8,2,1.6,75,T4,0.19071126550119596
8,2,1.6,75,V100,0.0793525695836376
8,2,1.6,100,M60,0.24881583115166048
8,2,1.6,100,K80,0.026661414719629538
8,2,1.6,100,T4,0.14969905396953145
8,2,1.6,100,V100,0.1976205813581536
8,2,2.4,50,M60,0.21782234484499297
8,2,2.4,50,K80,0.1271836082532923
8,2,2.4,50,T4,0.04314328212428991
8,2,2.4,50,V100,0.10276606050270652
8,2,2.4,75,M60,0.2862820561291912
8,2,2.4,75,K80,0.0860474446404619
8,2,2.4,75,T4,0.25488252831772074
8,2,2.4,75,V100,0.1260280025623524
8,2,2.4,100,M60,0.2238917794062669
8,2,2.4,100,K80,0.15485379622723022
8,2,2.4,100,T4,0.009574979984437416
8,2,2.4,100,V100,0.11800464306745362
8,3,0.8,50,M60,0.10034077423491852
8,3,0.8,50,K80,0.10234657747446958
8,3,0.8,50,T4,0.01594642995317478
8,3,0.8,50,V100,0.10445296098730476
8,3,0.8,75,M60,0.2877468205742798
8,3,0.8,75,K80,0.17860328975435463
8,3,0.8,75,T4,0.05448962643416181
8,3,0.8,75,V100,0.2696223042059036
8,3,0.8,100,M60,0.23364384528228854
8,3,0.8,100,K80,0.20066055027671975
8,3,0.8,100,T4,0.1926067236845396
8,3,0.8,100,V100,0.19842651547277698
8,3,1.2,50,M60,0.20950404719839974
8,3,1.2,50,K80,0.00671654553281185
8,3,1.2,50,T4,0.0026713724022155213
8,3,1.2,50,V100,0.2788386275396511
8,3,1.2,75,M60,0.13891031315797042
8,3,1.2,75,K80,0.004973355223356856
8,3,1.2,75,T4,0.008815691979932313
8,3,1.2,75,V100,0.10938256674464689
8,3,1.2,100,M60,0.17825058850994513
8,3,1.2,100,K80,0.2629426571189784
8,3,1.2,100,T4,0.1339902626456118
8,3,1.2,100,V100,0.11865461365480537
8,3,1.6,50,M60,0.2545000090377795
8,3,1.6,50,K80,0.258451510446852
8,3,1.6,50,T4,0.12420743853525527
8,3,1.6,50,V100,0.22416682802173377
8,3,1.6,75,M60,0.27038919254109506
8,3,1.6,75,K80,0.21267892974347033
8,3,1.6,75,T4,0.022856555782830124
8,3,1.6,75,V100,0.22571018778006507
8,3,1.6,100,M60,0.19363382001619595
8,3,1.6,100,K80,0.16783794832123508
8,3,1.6,100,T4,0.23691622609857235
8,3,1.6,100,V100,0.2882413788355558
8,3,2.4,50,M60,0.07337105206122424
8,3,2.4,50,K80,0.12183292712300572
8,3,2.4,50,T4,0.02352787215507522
8,3,2.4,50,V100,0.057132870191959825
8,3,2.4,75,M60,0.03952821452360503
8,3,2.4,75,K80,0.08916332758849586
8,3,2.4,75,T4,0.24333931749480617
8,3,2.4,75,V100,0.27063794469816405
8,3,2.4,100,M60,0.22869194813024893
8,3,2.4,100,K80,0.0668817172071351
8,3,2.4,100,T4,0.004857898597384528
8,3,2.4,100,V100,0.07435696606123288
8,4,0.8,50,M60,0.2575489669623835
8,4,0.8,50,K80,0.020370025218927106
8,4,0.8,50,T4,0.19623851282750515
8,4,0.8,50,V100,0.26868811171948115
8,4,0.8,75,M60,0.2568955222386842
8,4,0.8,75,K80,0.123964026485316
8,4,0.8,75,T4,0.1035701086362748
8,4,0.8,75,V100,0.2619560545588228
8,4,0.8,100,M60,0.1776515790268814
8,4,0.8,100,K80,0.07373619615340107
8,4,0.8,100,T4,0.05090650382802259
8,4,0.8,100,V100,0.05933887405562293
8,4,1.2,50,M60,0.14091810801264681
8,4,1.2,50,K80,0.1257036998692758
8,4,1.2,50,T4,0.24618295514902916
8,4,1.2,50,V100,0.15224944909033636
8,4,1.2,75,M60,0.061240415962203365
8,4,1.2,75,K80,0.26043968904591847
8,4,1.2,75,T4,0.18690880856979175
8,4,1.2,75,V100,0.27863591039366864
8,4,1.2,100,M60,0.04407891871976567
8,4,1.2,100,K80,0.07060184856553281
8,4,1.2,100,T4,0.2062935484126066
8,4,1.2,100,V100,0.1770108280968726
8,4,1.6,50,M60,0.2809180567742966
8,4,1.6,50,K80,0.09037316736737408
8,4,1.6,50,T4,0.123281536524577
8,4,1.6,50,V100,0.11158830180345286
8,4,1.6,75,M60,0.07541224744790083
8,4,1.6,75,K80,0.053613901407821934
8,4,1.6,75,T4,0.15659422164192735
8,4,1.6,75,V100,0.23301610681514145
8,4,1.6,100,M60,0.19847543227836192
8,4,1.6,100,K80,0.06285865442183328
8,4,1.6,100,T4,0.06391132125023492
8,4,1.6,100,V100,0.11819254647344149
8,4,2.4,50,M60,0.28629286354815625
8,4,2.4,50,K80,0.18313205810665825
8,4,2.4,50,T4,0.10999977691341753
8,4,2.4,50,V100,0.004786691296978001
8,4,2.4,75,M60,0.028295285018826433
8,4,2.4,75,K80,0.09242102195460168
8,4,2.4,75,T4,0.07587891160160075
8,4,2.4,75,V100,0.04158642779780354
8,4,2.4,100,M60,0.2575642581551852
8,4,2.4,100,K80,0.26174598016840295
8,4,2.4,100,T4,0.24533263225620175
8,4,2.4,100,V100,0.004500721997995423
8,5,0.8,50,M60,0.09873323312979639
8,5,0.8,50,K80,0.050495108086846485
8,5,0.8,50,T4,0.061120267571818584
8,5,0.8,50,V100,0.28102401884052325
8,5,0.8,75,M60,0.18230860571501953
8,5,0.8,75,K80,0.2596758056500502
8,5,0.8,75,T4,0.1755626955770326
8,5,0.8,75,V100,0.21216292016543029
8,5,0.8,100,M60,0.1769617301227164
8,5,0.8,100,K80,0.16889904338331363
8,5,0.8,100,T4,0.14965539723428684
8,5,0.8,100,V100,0.20374983826840934
8,5,1.2,50,M60,0.16143038173736043
8,5,1.2,50,K80,0.17548845758100073
8,5,1.2,50,T4,0.1663774279167768
8,5,1.2,50,V100,0.06030593361285564
8,5,1.2,75,M60,0.13739446501531957
8,5,1.2,75,K80,0.024802156061092845
8,5,1.2,75,T4,0.2710438438108371
8,5,1.2,75,V100,0.055719365870234454
8,5,1.2,100,M60,0.1357663447345356
8,5,1.2,100,K80,0.047540769711783656
8,5,1.2,100,T4,0.28886576305917566
8,5,1.2,100,V100,0.2622829740553153
8,5,1.6,50,M60,0.03783773493252765
8,5,1.6,50,K80,0.17270396734447302
8,5,1.6,50,T4,0.21023352544841495
8,5,1.6,50,V100,0.15434368169112334
8,5,1.6,75,M60,0.08923265633526095
8,5,1.6,75,K80,0.1515395610020888
8,5,1.6,75,T4,0.12612542878573477
8,5,1.6,75,V100,0.11558880660534178
8,5,1.6,100,M60,0.03436219016514502
8,5,1.6,100,K80,0.15793590395323176
8,5,1.6,100,T4,0.037949158341392966
8,5,1.6,100,V100,0.24075679512108175
8,5,2.4,50,M60,0.28128516778628315
8,5,2.4,50,K80,0.16779687265893684
8,5,2.4,50,T4,0.23296719155309306
8,5,2.4,50,V100,0.026874856033128534
8,5,2.4,75,M60,0.17196758484479624
8,5,2.4,75,K80,0.047720867676928846
8,5,2.4,75,T4,0.24851333665741973
8,5,2.4,75,V100,0.18971506442406913
8,5,2.4,100,M60,0.2764423801228694
8,5,2.4,100,K80,0.11767028882508881
8,5,2.4,100,T4,0.028863313406194496
8,5,2.4,100,V100,0.1518841488533839
16,1,0.8,50,M60,0.07688126262911579
16,1,0.8,50,K80,0.14287358470094544
16,1,0.8,50,T4,0.1509255710524133
16,1,0.8,50,V100,0.024013099729698333
16,1,0.8,75,M60,0.21686385191168958
16,1,0.8,75,K80,0.2592951597964746
16,1,0.8,75,T4,0.2561204203416482
16,1,0.8,75,V100,0.18873010449893293
16,1,0.8,100,M60,0.15274570208498953
16,1,0.8,100,K80,0.0070994632300819364
16,1,0.8,100,T4,0.15068809449533982
16,1,0.8,100,V100,0.1517819133341379
16,1,1.2,50,M60,0.21041026012701544
16,1,1.2,50,K80,0.01419213866807744
16,1,1.2,50,T4,0.20982593200930366
16,1,1.2,50,V100,0.10630611614815347
16,1,1.2,75,M60,0.039467190254679936
16,1,1.2,75,K80,0.06705063374666603
16,1,1.2,75,T4,0.2097261978600599
16,1,1.2,75,V100,0.06260264536677265
16,1,1.2,100,M60,0.11332265698252805
16,1,1.2,100,K80,0.17540166513981356
16,1,1.2,100,T4,0.045651686040842035
16,1,1.2,100,V100,0.2609780617535201
16,1,1.6,50,M60,0.22800195307961532
16,1,1.6,50,K80,0.2836475784435159
16,1,1.6,50,T4,0.0830033523769681
16,1,1.6,50,V100,0.08780455193521834
16,1,1.6,75,M60,0.053934400431938576
16,1,1.6,75,K80,0.20598195128531077
16,1,1.6,75,T4,0.1169122207049469
16,1,1.6,75,V100,0.13513475097388233
16,1,1.6,100,M60,0.18669609302231743
16,1,1.6,100,K80,0.16175156260242265
16,1,1.6,100,T4,0.14603802948354988
16,1,1.6,100,V100,0.0310447940456391
16,1,2.4,50,M60,0.08904103639795342
16,1,2.4,50,K80,0.10480850526306965
16,1,2.4,50,T4,0.20633202084001337
16,1,2.4,50,V100,0.22198943467708965
16,1,2.4,75,M60,0.03648924759082775
16,1,2.4,75,K80,0.11313205724217847
16,1,2.4,75,T4,0.2717037441847829
16,1,2.4,75,V100,0.012369446802239436
16,1,2.4,100,M60,0.16897406948390273
16,1,2.4,100,K80,0.2869137369178196
16,1,2.4,100,T4,0.13379406446375428
16,1,2.4,100,V100,0.27452741470241354
16,2,0.8,50,M60,0.028710909578194607
16,2,0.8,50,K80,0.05838732689538167
16,2,0.8,50,T4,0.19987875855482048
16,2,0.8,50,V100,0.07588217720003694
16,2,0.8,75,M60,0.26563697589838187
16,2,0.8,75,K80,0.28165474157713927
16,2,0.8,75,T4,0.19852633876335168
16,2,0.8,75,V100,0.16763056367732376
16,2,0.8,100,M60,0.17355356297253752
16,2,0.8,100,K80,0.1907323942398778
16,2,0.8,100,T4,0.16394643297439018
16,2,0.8,100,V100,0.12395016616992312
16,2,1.2,50,M60,0.14949870183893618
16,2,1.2,50,K80,0.21084915568384707
16,2,1.2,50,T4,0.004109162294572955
16,2,1.2,50,V100,0.1742786313736427
16,2,1.2,75,M60,0.03114383798975347
16,2,1.2,75,K80,0.19891616167250722
16,2,1.2,75,T4,0.012731408080624632
16,2,1.2,75,V100,0.12393282390701187
16,2,1.2,100,M60,0.15215845755101295
16,2,1.2,100,K80,0.10554035478732585
16,2,1.2,100,T4,0.22898420819093776
16,2,1.2,100,V100,0.2809448254622185
16,2,1.6,50,M60,0.09858430474862526
16,2,1.6,50,K80,0.08364329336930636
16,2,1.6,50,T4,0.12180362572192201
16,2,1.6,50,V100,0.08319391784388169
16,2,1.6,75,M60,0.09156255081839589
16,2,1.6,75,K80,0.17054612771839073
16,2,1.6,75,T4,0.21532640031595238
16,2,1.6,75,V100,0.045836997691991566
16,2,1.6,100,M60,0.0886778269670431
16,2,1.6,100,K80,0.22579838260362123
16,2,1.6,100,T4,0.09253603931409
16,2,1.6,100,V100,0.011842043838018724
16,2,2.4,50,M60,0.031169708494480836
16,2,2.4,50,K80,0.13487276466415987
16,2,2.4,50,T4,0.1338501678862852
16,2,2.4,50,V100,0.2720188389184599
16,2,2.4,75,M60,0.08045620494132504
16,2,2.4,75,K80,0.05790488761311792
16,2,2.4,75,T4,0.11833348346040332
16,2,2.4,75,V100,0.15312908510747453
16,2,2.4,100,M60,0.2707830112604155
16,2,2.4,100,K80,0.1623447182833273
16,2,2.4,100,T4,0.20099714407554078
16,2,2.4,100,V100,0.09028805207630805
16,3,0.8,50,M60,0.24499723551031793
16,3,0.8,50,K80,0.26405198926540857
16,3,0.8,50,T4,0.1529462861145275
16,3,0.8,50,V100,0.09266487280043337
16,3,0.8,75,M60,0.01689740698691215
16,3,0.8,75,K80,0.25177652355705593
16,3,0.8,75,T4,0.20551326727905686
16,3,0.8,75,V100,0.24292847664425746
16,3,0.8,100,M60,0.046161956559353255
16,3,0.8,100,K80,0.26559780723085413
16,3,0.8,100,T4,0.07309763481356556
16,3,0.8,100,V100,0.20356225652245563
16,3,1.2,50,M60,0.01690447983171209
16,3,1.2,50,K80,0.07841540803340465
16,3,1.2,50,T4,0.2102975901874814
16,3,1.2,50,V100,0.006880505670866411
16,3,1.2,75,M60,0.15092652792479141
16,3,1.2,75,K80,0.0004657288316683505
16,3,1.2,75,T4,0.1409249213018208
16,3,1.2,75,V100,0.26322100054061176
16,3,1.2,100,M60,0.1634755421797188
16,3,1.2,100,K80,0.06716658875222223
16,3,1.2,100,T4,0.11019143892168828
16,3,1.2,100,V100,0.2841825227259761
16,3,1.6,50,M60,0.09603662173780819
16,3,1.6,50,K80,0.18024595976792349
16,3,1.6,50,T4,0.15494902825098728
16,3,1.6,50,V100,0.07182701972700536
16,3,1.6,75,M60,0.17294572015692838
16,3,1.6,75,K80,0.2242124466933457
16,3,1.6,75,T4,0.26047639941419093
16,3,1.6,75,V100,0.08955562407304979
16,3,1.6,100,M60,0.03217933254983396
16,3,1.6,100,K80,0.12457582075247314
16,3,1.6,100,T4,0.23137890873606423
16,3,1.6,100,V100,0.14032779593982506
16,3,2.4,50,M60,0.1921494695170811
16,3,2.4,50,K80,0.001889946552057524
16,3,2.4,50,T4,0.1024845599884436
16,3,2.4,50,V100,0.19023443268539314
16,3,2.4,75,M60,0.035631055682622044
16,3,2.4,75,K80,0.11570484702430074
16,3,2.4,75,T4,0.13252688902072562
16,3,2.4,75,V100,0.032284588670487065
16,3,2.4,100,M60,0.07466799058762984
16,3,2.4,100,K80,0.26606200851461215
16,3,2.4,100,T4,0.1663751002276266
16,3,2.4,100,V100,0.14726914123416857
16,4,0.8,50,M60,0.23380356851969336
16,4,0.8,50,K80,0.2875653016879105
16,4,0.8,50,T4,0.21621943707822883
16,4,0.8,50,V100,0.20206301066164453
16,4,0.8,75,M60,0.12320339435959865
16,4,0.8,75,K80,0.09483442771100736
16,4,0.8,75,T4,0.00544329071689696
16,4,0.8,75,V100,0.24032005798910916
16,4,0.8,100,M60,0.26652383555491566
16,4,0.8,100,K80,0.27873403777628475
16,4,0.8,100,T4,0.2403142398104323
16,4,0.8,100,V100,0.08364047427519607
16,4,1.2,50,M60,0.12120078913048639
16,4,1.2,50,K80,0.22706366584746013
16,4,1.2,50,T4,0.250400851680395
16,4,1.2,50,V100,0.2673177086507672
16,4,1.2,75,M60,0.1680006156934568
16,4,1.2,75,K80,0.04178017804417705
16,4,1.2,75,T4,0.13310234376240923
16,4,1.2,75,V100,0.0766977726222997
16,4,1.2,100,M60,0.03381423463410811
16,4,1.2,100,K80,0.12358704523157879
16,4,1.2,100,T4,0.0037209784583206017
16,4,1.2,100,V100,0.09053183739221506
16,4,1.6,50,M60,0.03675843574766008
16,4,1.6,50,K80,0.15174839376169416
16,4,1.6,50,T4,0.016348131237033398
16,4,1.6,50,V100,0.06443415210137678
16,4,1.6,75,M60,0.2713949598576238
16,4,1.6,75,K80,0.22553781801046602
16,4,1.6,75,T4,0.11280182596756691
16,4,1.6,75,V100,0.08439775381077488
16,4,1.6,100,M60,0.2637232102866114
16,4,1.6,100,K80,0.17248519768175294
16,4,1.6,100,T4,0.2702223723242793
16,4,1.6,100,V100,0.07244453451655151
16,4,2.4,50,M60,0.14505091684690577
16,4,2.4,50,K80,0.22516109023063755
16,4,2.4,50,T4,0.2605623163512615
16,4,2.4,50,V100,0.2149456947832464
16,4,2.4,75,M60,0.17455637890567866
16,4,2.4,75,K80,0.05784927639805121
16,4,2.4,75,T4,0.07768044727498163
16,4,2.4,75,V100,0.02450628727482196
16,4,2.4,100,M60,0.23339542160778703
16,4,2.4,100,K80,0.028038180211981973
16,4,2.4,100,T4,0.03861691817196336
16,4,2.4,100,V100,0.1977423133519258
16,5,0.8,50,M60,0.27274693467988725
16,5,0.8,50,K80,0.153547018536521
16,5,0.8,50,T4,0.02429280587770854
16,5,0.8,50,V100,0.13458442551458388
16,5,0.8,75,M60,0.25835718375443584
16,5,0.8,75,K80,0.2414486459869027
16,5,0.8,75,T4,0.13284868237478373
16,5,0.8,75,V100,0.14482939788739121
16,5,0.8,100,M60,0.10282014905655439
16,5,0.8,100,K80,0.2605296581052828
16,5,0.8,100,T4,0.1597556920078943
16,5,0.8,100,V100,0.2204912781935816
16,5,1.2,50,M60,0.10750217490549595
16,5,1.2,50,K80,0.1883849010325146
16,5,1.2,50,T4,0.028280842293649456
16,5,1.2,50,V100,0.20676883024945192
16,5,1.2,75,M60,0.05811300972894014
16,5,1.2,75,K80,0.053319085742622355
16,5,1.2,75,T4,0.26923398743628474
16,5,1.2,75,V100,0.04492201369854951
16,5,1.2,100,M60,0.152752130370785
16,5,1.2,100,K80,0.13602592853616857
16,5,1.2,100,T4,0.17101364188190235
16,5,1.2,100,V100,0.25473775449003094
16,5,1.6,50,M60,0.2419799370547961
16,5,1.6,50,K80,0.16983905792944207
16,5,1.6,50,T4,0.24504153467440648
16,5,1.6,50,V100,0.24710211246902625
16,5,1.6,75,M60,0.18038233536887
16,5,1.6,75,K80,0.15329394866155333
16,5,1.6,75,T4,0.15707554294923567
16,5,1.6,75,V100,0.015692117316986418
16,5,1.6,100,M60,0.008795890512460405
16,5,1.6,100,K80,0.00691187508635674
16,5,1.6,100,T4,0.08548824977184087
16,5,1.6,100,V100,0.10109680027308024
16,5,2.4,50,M60,0.05874771261062993
16,5,2.4,50,K80,0.08794090766175437
16,5,2.4,50,T4,0.17231955645313438
16,5,2.4,50,V100,0.18495848914272406
16,5,2.4,75,M60,0.2002826731329529
16,5,2.4,75,K80,0.1731106057487264
16,5,2.4,75,T4,0.17187124150600125
16,5,2.4,75,V100,0.1427908268441172
16,5,2.4,100,M60,0.2514447346835141
16,5,2.4,100,K80,0.21007878101296806
16,5,2.4,100,T4,0.28361512424644075
16,5,2.4,100,V100,0.0017341753833654736
32,1,0.8,50,M60,0.5493665078168556
32,1,0.8,50,K80,0.5860533365955933
32,1,0.8,50,T4,0.6045324093082006
32,1,0.8,50,V100,0.7519024785605422
32,1,0.8,75,M60,0.8073370554188373
32,1,0.8,75,K80,0.7410718437907753
32,1,0.8,75,T4,0.36830158740163904
32,1,0.8,75,V100,0.40544192126156253
32,1,0.8,100,M60,0.36402755168853423
32,1,0.8,100,K80,0.7926496764807438
32,1,0.8,100,T4,0.3720442375670156
32,1,0.8,100,V100,0.6536145083675456
32,1,1.2,50,M60,0.8908870505836868
32,1,1.2,50,K80,0.43007574503067525
32,1,1.2,50,T4,0.5637942900108673
32,1,1.2,50,V100,0.5609776715377056
32,1,1.2,75,M60,0.8993023822743533
32,1,1.2,75,K80,0.46685929342391974
32,1,1.2,75,T4,0.7525932704822555
32,1,1.2,75,V100,0.7621173111895552
32,1,1.2,100,M60,0.3253449835256314
32,1,1.2,100,K80,0.7250542641511407
32,1,1.2,100,T4,0.8496638881841037
32,1,1.2,100,V100,0.7658825475672002
32,1,1.6,50,M60,0.6586638995874634
32,1,1.6,50,K80,0.488769393239573
32,1,1.6,50,T4,0.7506484691440238
32,1,1.6,50,V100,0.760597305790659
32,1,1.6,75,M60,0.8639257927162829
32,1,1.6,75,K80,0.8435301979782504
32,1,1.6,75,T4,0.6305003839381763
32,1,1.6,75,V100,0.683091978386994
32,1,1.6,100,M60,0.4897791446965091
32,1,1.6,100,K80,0.6466950055831373
32,1,1.6,100,T4,0.6378037100741085
32,1,1.6,100,V100,0.8354905737084581
32,1,2.4,50,M60,0.4020159328753367
32,1,2.4,50,K80,0.6714638313300842
32,1,2.4,50,T4,0.35810158799435976
32,1,2.4,50,V100,0.5523767542778883
32,1,2.4,75,M60,0.765351634829727
32,1,2.4,75,K80,0.6207908183805892
32,1,2.4,75,T4,0.8688090464977429
32,1,2.4,75,V100,0.3292934987499205
32,1,2.4,100,M60,0.6924120763058565
32,1,2.4,100,K80,0.8319004010258804
32,1,2.4,100,T4,0.6857578163561528
32,1,2.4,100,V100,0.536641160759622
32,2,0.8,50,M60,0.7547666761261036
32,2,0.8,50,K80,0.5618307301293306
32,2,0.8,50,T4,0.3598472927015921
32,2,0.8,50,V100,0.5123599802815633
32,2,0.8,75,M60,0.47686027660898644
32,2,0.8,75,K80,0.5560772254548756
32,2,0.8,75,T4,0.6088158020415768
32,2,0.8,75,V100,0.7867392549564138
32,2,0.8,100,M60,0.5875526022155222
32,2,0.8,100,K80,0.5716671856280001
32,2,0.8,100,T4,0.7342247640226278
32,2,0.8,100,V100,0.7534377443989438
32,2,1.2,50,M60,0.5939697255456248
32,2,1.2,50,K80,0.6441753281593201
32,2,1.2,50,T4,0.458956053265486
32,2,1.2,50,V100,0.7141730232722905
32,2,1.2,75,M60,0.5332089212549297
32,2,1.2,75,K80,0.5645316186549747
32,2,1.2,75,T4,0.3203671403481719
32,2,1.2,75,V100,0.4237933912624976
32,2,1.2,100,M60,0.4537346320518175
32,2,1.2,100,K80,0.4433134670948185
32,2,1.2,100,T4,0.30318708690398294
32,2,1.2,100,V100,0.4419811271305245
32,2,1.6,50,M60,0.5657039632864402
32,2,1.6,50,K80,0.42060581274418907
32,2,1.6,50,T4,0.4057390298371699
32,2,1.6,50,V100,0.6364499525313287
32,2,1.6,75,M60,0.3003847896139641
32,2,1.6,75,K80,0.7655383418265368
32,2,1.6,75,T4,0.687056456872214
32,2,1.6,75,V100,0.4963379376479669
32,2,1.6,100,M60,0.4251094201526305
32,2,1.6,100,K80,0.541402057020678
32,2,1.6,100,T4,0.7403324083850422
32,2,1.6,100,V100,0.3271990046635378
32,2,2.4,50,M60,0.8935509172408398
32,2,2.4,50,K80,0.43764737204205983
32,2,2.4,50,T4,0.7926476419199209
32,2,2.4,50,V100,0.5638016528044933
32,2,2.4,75,M60,0.35344320845758065
32,2,2.4,75,K80,0.6018274279616149
32,2,2.4,75,T4,0.5945277754060492
32,2,2.4,75,V100,0.8527389326861108
32,2,2.4,100,M60,0.7683817619275384
32,2,2.4,100,K80,0.4832416901733109
32,2,2.4,100,T4,0.8707202906657026
32,2,2.4,100,V100,0.3638304038732199
32,3,0.8,50,M60,0.856244144166243
32,3,0.8,50,K80,0.8560811595528834
32,3,0.8,50,T4,0.7070391395565934
32,3,0.8,50,V100,0.372804991472172
32,3,0.8,75,M60,0.85340540569366
32,3,0.8,75,K80,0.6500645233840507
32,3,0.8,75,T4,0.6063082247919884
32,3,0.8,75,V100,0.4443622874922176
32,3,0.8,100,M60,0.8985514220922048
32,3,0.8,100,K80,0.8654151873768283
32,3,0.8,100,T4,0.42488653898742174
32,3,0.8,100,V100,0.608127073337724
32,3,1.2,50,M60,0.371560995683436
32,3,1.2,50,K80,0.3812742115871572
32,3,1.2,50,T4,0.8708767965641497
32,3,1.2,50,V100,0.31912805810767886
32,3,1.2,75,M60,0.624445064504138
32,3,1.2,75,K80,0.6359131349098773
32,3,1.2,75,T4,0.8814961735363946
32,3,1.2,75,V100,0.8695759723296499
32,3,1.2,100,M60,0.6367405901303488
32,3,1.2,100,K80,0.3883063438297675
32,3,1.2,100,T4,0.3951062773613533
32,3,1.2,100,V100,0.5732241841250252
32,3,1.6,50,M60,0.7215434750165268
32,3,1.6,50,K80,0.6290939263129753
32,3,1.6,50,T4,0.7874590847976157
32,3,1.6,50,V100,0.4976695792834393
32,3,1.6,75,M60,0.5563904093739518
32,3,1.6,75,K80,0.5793438854717273
32,3,1.6,75,T4,0.8871750161248673
32,3,1.6,75,V100,0.4186233360957442
32,3,1.6,100,M60,0.7108925000720909
32,3,1.6,100,K80,0.4541034656410106
32,3,1.6,100,T4,0.48949512616603214
32,3,1.6,100,V100,0.3614747340646811
32,3,2.4,50,M60,0.5229134835404133
32,3,2.4,50,K80,0.5026564343205726
32,3,2.4,50,T4,0.6870082532426316
32,3,2.4,50,V100,0.7377370590065531
32,3,2.4,75,M60,0.8599044464802061
32,3,2.4,75,K80,0.3430597328301417
32,3,2.4,75,T4,0.6144306792247114
32,3,2.4,75,V100,0.5921949044461702
32,3,2.4,100,M60,0.4702324778267436
32,3,2.4,100,K80,0.533190941632964
32,3,2.4,100,T4,0.8552389835642686
32,3,2.4,100,V100,0.8536312440390263
32,4,0.8,50,M60,0.6846544550858122
32,4,0.8,50,K80,0.3645783336605183
32,4,0.8,50,T4,0.7965395908601569
32,4,0.8,50,V100,0.4141602758030667
32,4,0.8,75,M60,0.6755334074731871
32,4,0.8,75,K80,0.6619517759399344
32,4,0.8,75,T4,0.5627063924972042
32,4,0.8,75,V100,0.45919992350363326
32,4,0.8,100,M60,0.5293599126206283
32,4,0.8,100,K80,0.3374702444615105
32,4,0.8,100,T4,0.6709010132736112
32,4,0.8,100,V100,0.8529653910173012
32,4,1.2,50,M60,0.9038142960671167
32,4,1.2,50,K80,0.49797647503688225
32,4,1.2,50,T4,0.5097373161703047
32,4,1.2,50,V100,0.3863758130616144
32,4,1.2,75,M60,0.8000592529276029
32,4,1.2,75,K80,0.6988062792491156
32,4,1.2,75,T4,0.5600315839054157
32,4,1.2,75,V100,0.5268834201547694
32,4,1.2,100,M60,0.9043090763940209
32,4,1.2,100,K80,0.5190707781973456
32,4,1.2,100,T4,0.6603827143610168
32,4,1.2,100,V100,0.6811826632038832
32,4,1.6,50,M60,0.8791277500100385
32,4,1.6,50,K80,0.5146314029579364
32,4,1.6,50,T4,0.7296809775436076
32,4,1.6,50,V100,0.7191839161069795
32,4,1.6,75,M60,0.7113094447540462
32,4,1.6,75,K80,0.39056114991386537
32,4,1.6,75,T4,0.4273905478286365
32,4,1.6,75,V100,0.39554409513487326
32,4,1.6,100,M60,0.6080099073405911
32,4,1.6,100,K80,0.6882931143244573
32,4,1.6,100,T4,0.8340450801861932
32,4,1.6,100,V100,0.44363623629973137
32,4,2.4,50,M60,0.4287142556084841
32,4,2.4,50,K80,0.4842992291824213
32,4,2.4,50,T4,0.30728327231044067
32,4,2.4,50,V100,0.5350452150306444
32,4,2.4,75,M60,0.6105583797005756
32,4,2.4,75,K80,0.42912477398490445
32,4,2.4,75,T4,0.3281239613414696
32,4,2.4,75,V100,0.4868978479936767
32,4,2.4,100,M60,0.7404852263353943
32,4,2.4,100,K80,0.3157134402192344
32,4,2.4,100,T4,0.5218091386636728
32,4,2.4,100,V100,0.8982592684163824
32,5,0.8,50,M60,0.4728382170884349
32,5,0.8,50,K80,0.32575624069481013
32,5,0.8,50,T4,0.8496881444555515
32,5,0.8,50,V100,0.37986132767424946
32,5,0.8,75,M60,0.4290651012105252
32,5,0.8,75,K80,0.4418542159507407
32,5,0.8,75,T4,0.3341340372316064
32,5,0.8,75,V100,0.4683318053924421
32,5,0.8,100,M60,0.47295347940926136
32,5,0.8,100,K80,0.45088510170037643
32,5,0.8,100,T4,0.8527669067900543
32,5,0.8,100,V100,0.8584523721264177
32,5,1.2,50,M60,0.8958287376668981
32,5,1.2,50,K80,0.40192252994304584
32,5,1.2,50,T4,0.7399674131594928
32,5,1.2,50,V100,0.46890868154121845
32,5,1.2,75,M60,0.34163662679260964
32,5,1.2,75,K80,0.8523559233555253
32,5,1.2,75,T4,0.619221254789063
32,5,1.2,75,V100,0.703627867685684
32,5,1.2,100,M60,0.3409446432580716
32,5,1.2,100,K80,0.5843168516991485
32,5,1.2,100,T4,0.7496853503592729
32,5,1.2,100,V100,0.6534451270247912
32,5,1.6,50,M60,0.7590149558372965
32,5,1.6,50,K80,0.7023392357953384
32,5,1.6,50,T4,0.6330831521250325
32,5,1.6,50,V100,0.3399350519980454
32,5,1.6,75,M60,0.7985920835947098
32,5,1.6,75,K80,0.8599428606719042
32,5,1.6,75,T4,0.43593424266314035
32,5,1.6,75,V100,0.31673600989525497
32,5,1.6,100,M60,0.8935878180257217
32,5,1.6,100,K80,0.45940660345444284
32,5,1.6,100,T4,0.4664722302755704
32,5,1.6,100,V100,0.4421035680615436
32,5,2.4,50,M60,0.8234997167470073
32,5,2.4,50,K80,0.8892073353662824
32,5,2.4,50,T4,0.8342678497378042
32,5,2.4,50,V100,0.4655154603568222
32,5,2.4,75,M60,0.7419198679958563
32,5,2.4,75,K80,0.7127929888261072
32,5,2.4,75,T4,0.9052259781711294
32,5,2.4,75,V100,0.41596933760494087
32,5,2.4,100,M60,0.8053925068796643
32,5,2.4,100,K80,0.39088214651041475
32,5,2.4,100,T4,0.49561661369298526
32,5,2.4,100,V100,0.5148001365615325
64,1,0.8,50,M60,0.8725741670783245
64,1,0.8,50,K80,0.6562675806731523
64,1,0.8,50,T4,0.7407721312593077
64,1,0.8,50,V100,0.7309828049142069
64,1,0.8,75,M60,0.854676957987064
64,1,0.8,75,K80,0.7830488636988557
64,1,0.8,75,T4,0.8712039560326149
64,1,0.8,75,V100,0.8880236821985688
64,1,0.8,100,M60,0.7593102944952568
64,1,0.8,100,K80,0.8508052287430545
64,1,0.8,100,T4,0.8572073248656136
64,1,0.8,100,V100,0.7968458532352017
64,1,1.2,50,M60,0.7440211789350446
64,1,1.2,50,K80,0.7416695946351459
64,1,1.2,50,T4,0.7060424974840583
64,1,1.2,50,V100,0.7599483390096163
64,1,1.2,75,M60,0.8301898356751467
64,1,1.2,75,K80,0.7014593165394688
64,1,1.2,75,T4,0.8612700154824668
64,1,1.2,75,V100,0.7147498817856694
64,1,1.2,100,M60,0.7295837410278803
64,1,1.2,100,K80,0.7611350197643554
64,1,1.2,100,T4,0.8127670906670722
64,1,1.2,100,V100,0.7946572895739892
64,1,1.6,50,M60,0.7209908310199787
64,1,1.6,50,K80,0.6912094420501218
64,1,1.6,50,T4,0.8895737758800768
64,1,1.6,50,V100,0.7223225571469604
64,1,1.6,75,M60,0.7613110481471244
64,1,1.6,75,K80,0.804376444356291
64,1,1.6,75,T4,0.864541196003691
64,1,1.6,75,V100,0.886277834232866
64,1,1.6,100,M60,0.7214804082222235
64,1,1.6,100,K80,0.662017587092936
64,1,1.6,100,T4,0.7537410673819867
64,1,1.6,100,V100,0.6659704712389101
64,1,2.4,50,M60,0.7728540348273647
64,1,2.4,50,K80,0.843217564313585
64,1,2.4,50,T4,0.8774423725342755
64,1,2.4,50,V100,0.7560281745959174
64,1,2.4,75,M60,0.8465596530299692
64,1,2.4,75,K80,0.6899868517598626
64,1,2.4,75,T4,0.6526015179418819
64,1,2.4,75,V100,0.8503572532962506
64,1,2.4,100,M60,0.8110309488335454
64,1,2.4,100,K80,0.7832834945573951
64,1,2.4,100,T4,0.8489456318369931
64,1,2.4,100,V100,0.7784621322210289
64,2,0.8,50,M60,0.6697586547413142
64,2,0.8,50,K80,0.8001454173613186
64,2,0.8,50,T4,0.7710107354170175
64,2,0.8,50,V100,0.8263409812983546
64,2,0.8,75,M60,0.885722710578885
64,2,0.8,75,K80,0.7693415557574002
64,2,0.8,75,T4,0.6573117278092871
64,2,0.8,75,V100,0.8633220198478654
64,2,0.8,100,M60,0.7328572748587234
64,2,0.8,100,K80,0.7219528347486827
64,2,0.8,100,T4,0.85992018236337
64,2,0.8,100,V100,0.7767186042529535
64,2,1.2,50,M60,0.8337604091038531
64,2,1.2,50,K80,0.8362830633090098
64,2,1.2,50,T4,0.8155119720317103
64,2,1.2,50,V100,0.8556757542450775
64,2,1.2,75,M60,0.6973981301147125
64,2,1.2,75,K80,0.7855794510349412
64,2,1.2,75,T4,0.6517548662360853
64,2,1.2,75,V100,0.7930135914962192
64,2,1.2,100,M60,0.7875245822169253
64,2,1.2,100,K80,0.7347924087368467
64,2,1.2,100,T4,0.7055640028686424
64,2,1.2,100,V100,0.8335765567771609
64,2,1.6,50,M60,0.6873565909627497
64,2,1.6,50,K80,0.7396210597125251
64,2,1.6,50,T4,0.8569630143519782
64,2,1.6,50,V100,0.6988906222052218
64,2,1.6,75,M60,0.7857563497727392
64,2,1.6,75,K80,0.7006688118109544
64,2,1.6,75,T4,0.6563939193362193
64,2,1.6,75,V100,0.8672681121575783
64,2,1.6,100,M60,0.8785421241004984
64,2,1.6,100,K80,0.8735707606680656
64,2,1.6,100,T4,0.7581742566419529
64,2,1.6,100,V100,0.7354765683649214
64,2,2.4,50,M60,0.7586960060184699
64,2,2.4,50,K80,0.8237284861369241
64,2,2.4,50,T4,0.8040914290308129
64,2,2.4,50,V100,0.8736942362090391
64,2,2.4,75,M60,0.8245770510300562
64,2,2.4,75,K80,0.667946430032941
64,2,2.4,75,T4,0.7360634849865798
64,2,2.4,75,V100,0.6651861187579263
64,2,2.4,100,M60,0.6710048499319414
64,2,2.4,100,K80,0.8000240668122272
64,2,2.4,100,T4,0.8438157976379117
64,2,2.4,100,V100,0.7732458875936501
64,3,0.8,50,M60,0.8070816011758029
64,3,0.8,50,K80,0.8481175912502293
64,3,0.8,50,T4,0.7512214139200262
64,3,0.8,50,V100,0.6991480590403378
64,3,0.8,75,M60,0.6934042556133025
64,3,0.8,75,K80,0.7742510694100961
64,3,0.8,75,T4,0.6731914099743264
64,3,0.8,75,V100,0.8318901307405548
64,3,0.8,100,M60,0.6645248151841336
64,3,0.8,100,K80,0.749915459708511
64,3,0.8,100,T4,0.8824623117169288
64,3,0.8,100,V100,0.7084603570896009
64,3,1.2,50,M60,0.7737746564523473
64,3,1.2,50,K80,0.8077021347104442
64,3,1.2,50,T4,0.8622732037621742
64,3,1.2,50,V100,0.881882792849456
64,3,1.2,75,M60,0.7805626575831788
64,3,1.2,75,K80,0.704874858242589
64,3,1.2,75,T4,0.8898219617558567
64,3,1.2,75,V100,0.6678951462653847
64,3,1.2,100,M60,0.7223436612603311
64,3,1.2,100,K80,0.7992660776414373
64,3,1.2,100,T4,0.7001958534301433
64,3,1.2,100,V100,0.8078405381409609
64,3,1.6,50,M60,0.7747224625429742
64,3,1.6,50,K80,0.805715859177336
64,3,1.6,50,T4,0.7308069376479097
64,3,1.6,50,V100,0.7193633987241653
64,3,1.6,75,M60,0.7312983542748681
64,3,1.6,75,K80,0.8148599243737331
64,3,1.6,75,T4,0.8569374798485229
64,3,1.6,75,V100,0.8492028782703018
64,3,1.6,100,M60,0.8284836544943504
64,3,1.6,100,K80,0.7516802289368517
64,3,1.6,100,T4,0.6773786505019234
64,3,1.6,100,V100,0.8092812672575761
64,3,2.4,50,M60,0.8423752662426267
64,3,2.4,50,K80,0.7193508896392253
64,3,2.4,50,T4,0.7608195893977965
64,3,2.4,50,V100,0.7183962254028841
64,3,2.4,75,M60,0.7210596423799626
64,3,2.4,75,K80,0.7918596615781335
64,3,2.4,75,T4,0.7353690156309773
64,3,2.4,75,V100,0.8730183616962888
64,3,2.4,100,M60,0.7611582612798279
64,3,2.4,100,K80,0.8593521714703142
64,3,2.4,100,T4,0.7875847377316236
64,3,2.4,100,V100,0.7286164405611187
64,4,0.8,50,M60,0.6987651011341245
64,4,0.8,50,K80,0.833368048412954
64,4,0.8,50,T4,0.807528913804753
64,4,0.8,50,V100,0.6863758783712436
64,4,0.8,75,M60,0.807278103940972
64,4,0.8,75,K80,0.6559990025750839
64,4,0.8,75,T4,0.8468622405293615
64,4,0.8,75,V100,0.687424726168272
64,4,0.8,100,M60,0.6508230811828161
64,4,0.8,100,K80,0.7676690393124415
64,4,0.8,100,T4,0.8351960968648385
64,4,0.8,100,V100,0.8753424695714405
64,4,1.2,50,M60,0.7328431280909211
64,4,1.2,50,K80,0.7313334659115455
64,4,1.2,50,T4,0.8509540026984654
64,4,1.2,50,V100,0.6716581113813058
64,4,1.2,75,M60,0.7685045573864683
64,4,1.2,75,K80,0.7099479538557256
64,4,1.2,75,T4,0.8209266472069005
64,4,1.2,75,V100,0.7771118276449233
64,4,1.2,100,M60,0.7173592944584349
64,4,1.2,100,K80,0.8005140347018537
64,4,1.2,100,T4,0.8294985462884127
64,4,1.2,100,V100,0.8744888224244134
64,4,1.6,50,M60,0.7360236985447861
64,4,1.6,50,K80,0.8300328010592947
64,4,1.6,50,T4,0.9103994824676316
64,4,1.6,50,V100,0.9112222365679421
64,4,1.6,75,M60,0.6639425569987824
64,4,1.6,75,K80,0.8452565395482061
64,4,1.6,75,T4,0.7048335198086895
64,4,1.6,75,V100,0.8407988103266545
64,4,1.6,100,M60,0.6849936196857667
64,4,1.6,100,K80,0.796448017194092
64,4,1.6,100,T4,0.810490717339885
64,4,1.6,100,V100,0.7278885390531225
64,4,2.4,50,M60,0.7794156945472328
64,4,2.4,50,K80,0.7410729949706718
64,4,2.4,50,T4,0.9496538029988179
64,4,2.4,50,V100,0.9321150650842085
64,4,2.4,75,M60,0.7428172746799534
64,4,2.4,75,K80,0.8777753467092329
64,4,2.4,75,T4,0.8581984454461621
64,4,2.4,75,V100,0.7426030639860637
64,4,2.4,100,M60,0.7519535920552725
64,4,2.4,100,K80,0.8326986076143464
64,4,2.4,100,T4,0.883581209825663
64,4,2.4,100,V100,0.7159595233753319
64,5,0.8,50,M60,0.8040072338430637
64,5,0.8,50,K80,0.7306250505241446
64,5,0.8,50,T4,0.7605544679168915
64,5,0.8,50,V100,0.7152983777069318
64,5,0.8,75,M60,0.7175440798661943
64,5,0.8,75,K80,0.6686890048877856
64,5,0.8,75,T4,0.6566541473976956
64,5,0.8,75,V100,0.7755112215238047
64,5,0.8,100,M60,0.7444827995692641
64,5,0.8,100,K80,0.7677255425120024
64,5,0.8,100,T4,0.7341118116704234
64,5,0.8,100,V100,0.6984464524542064
64,5,1.2,50,M60,0.7244454030788204
64,5,1.2,50,K80,0.7307283220350883
64,5,1.2,50,T4,0.6885074177366342
64,5,1.2,50,V100,0.6588364152814734
64,5,1.2,75,M60,0.7998234680790037
64,5,1.2,75,K80,0.7946662175813065
64,5,1.2,75,T4,0.8361686206860475
64,5,1.2,75,V100,0.7114222827752001
64,5,1.2,100,M60,0.6642710714478968
64,5,1.2,100,K80,0.8357188443432009
64,5,1.2,100,T4,0.7279430386691418
64,5,1.2,100,V100,0.7214400770981869
64,5,1.6,50,M60,0.6668132211831658
64,5,1.6,50,K80,0.7907504924898028
64,5,1.6,50,T4,0.9331344412818396
64,5,1.6,50,V100,0.9002475017039022
64,5,1.6,75,M60,0.7273922263913825
64,5,1.6,75,K80,0.8548854831469992
64,5,1.6,75,T4,0.8740800369747883
64,5,1.6,75,V100,0.7778784634571553
64,5,1.6,100,M60,0.7042215762660982
64,5,1.6,100,K80,0.7680432944929206
64,5,1.6,100,T4,0.7803178679566589
64,5,1.6,100,V100,0.7294168400666708
64,5,2.4,50,M60,0.8632265642796025
64,5,2.4,50,K80,0.7279685204603998
64,5,2.4,50,T4,0.9670954194935689
64,5,2.4,50,V100,0.9028377164712528
64,5,2.4,75,M60,0.7181770932992285
64,5,2.4,75,K80,0.7903396837404262
64,5,2.4,75,T4,0.673356925754754
64,5,2.4,75,V100,0.6688926164631153
64,5,2.4,100,M60,0.7331370513315029
64,5,2.4,100,K80,0.8540995356759881
64,5,2.4,100,T4,0.8636046290301308
64,5,2.4,100,V100,0.7629199640101822
128,1,0.8,50,M60,0.8644229420415395
128,1,0.8,50,K80,0.7623415970665247
128,1,0.8,50,T4,0.7588931902603587
128,1,0.8,50,V100,0.8290724067154038
128,1,0.8,75,M60,0.7571286151855294
128,1,0.8,75,K80,0.8174647723880604
128,1,0.8,75,T4,0.7928569484768079
128,1,0.8,75,V100,0.6624383645891362
128,1,0.8,100,M60,0.8231104368202931
128,1,0.8,100,K80,0.8051855740994425
128,1,0.8,100,T4,0.7363424410088366
128,1,0.8,100,V100,0.849823186234101
128,1,1.2,50,M60,0.7850547642086543
128,1,1.2,50,K80,0.842625299546402
128,1,1.2,50,T4,0.6835742379303069
128,1,1.2,50,V100,0.8055047139105913
128,1,1.2,75,M60,0.7198187813531765
128,1,1.2,75,K80,0.6655205575079782
128,1,1.2,75,T4,0.6516635006915981
128,1,1.2,75,V100,0.7428314130479413
128,1,1.2,100,M60,0.8583713227903589
128,1,1.2,100,K80,0.7764652293604277
128,1,1.2,100,T4,0.7896421949132326
128,1,1.2,100,V100,0.6723884329485568
128,1,1.6,50,M60,0.7847421844347785
128,1,1.6,50,K80,0.7006189538747929
128,1,1.6,50,T4,0.8897409565883185
128,1,1.6,50,V100,0.6987538319841065
128,1,1.6,75,M60,0.8588550478300477
128,1,1.6,75,K80,0.8228757952849064
128,1,1.6,75,T4,0.7731411294128622
128,1,1.6,75,V100,0.8722450815891212
128,1,1.6,100,M60,0.8377100582168044
128,1,1.6,100,K80,0.6600051070713643
128,1,1.6,100,T4,0.8769122361681962
128,1,1.6,100,V100,0.6519967567549477
128,1,2.4,50,M60,0.8465790085802124
128,1,2.4,50,K80,0.6767722149320583
128,1,2.4,50,T4,0.7012986037883725
128,1,2.4,50,V100,0.8830552466712474
128,1,2.4,75,M60,0.6795102333995975
128,1,2.4,75,K80,0.8128969048883358
128,1,2.4,75,T4,0.8293796428070848
128,1,2.4,75,V100,0.7039123724939674
128,1,2.4,100,M60,0.7703295928038276
128,1,2.4,100,K80,0.668469337586084
128,1,2.4,100,T4,0.7257250007886236
128,1,2.4,100,V100,0.6550427226078298
128,2,0.8,50,M60,0.7209990040666846
128,2,0.8,50,K80,0.8391744816542777
128,2,0.8,50,T4,0.8403865150817937
128,2,0.8,50,V100,0.8787122838871207
128,2,0.8,75,M60,0.7167596986172498
128,2,0.8,75,K80,0.8194013087297675
128,2,0.8,75,T4,0.7253021790564999
128,2,0.8,75,V100,0.7446221486441051
128,2,0.8,100,M60,0.6790001911414094
128,2,0.8,100,K80,0.7594231770217905
128,2,0.8,100,T4,0.7631343827088874
128,2,0.8,100,V100,0.6878301744025291
128,2,1.2,50,M60,0.828359267675528
128,2,1.2,50,K80,0.8273101148487186
128,2,1.2,50,T4,0.7270778326801121
128,2,1.2,50,V100,0.822846934379735
128,2,1.2,75,M60,0.7074496278680448
128,2,1.2,75,K80,0.6961121096375483
128,2,1.2,75,T4,0.8043452503763349
128,2,1.2,75,V100,0.7465895275733472
128,2,1.2,100,M60,0.7244302496105626
128,2,1.2,100,K80,0.7113181361412227
128,2,1.2,100,T4,0.7771367355131976
128,2,1.2,100,V100,0.8601450820277322
128,2,1.6,50,M60,0.7032188434687928
128,2,1.6,50,K80,0.7800870230623853
128,2,1.6,50,T4,0.6634035515078104
128,2,1.6,50,V100,0.8054879018492591
128,2,1.6,75,M60,0.6757521896353035
128,2,1.6,75,K80,0.702266367185667
128,2,1.6,75,T4,0.7539581144738625
128,2,1.6,75,V100,0.7184458582339923
128,2,1.6,100,M60,0.8838862560277649
128,2,1.6,100,K80,0.7029080255783852
128,2,1.6,100,T4,0.7950682760609633
128,2,1.6,100,V100,0.8767864166998666
128,2,2.4,50,M60,0.7867168284968362
128,2,2.4,50,K80,0.6514838049686993
128,2,2.4,50,T4,0.8021788798664259
128,2,2.4,50,V100,0.7617769786496049
128,2,2.4,75,M60,0.8223712454522667
128,2,2.4,75,K80,0.7029610059352777
128,2,2.4,75,T4,0.7229704300734952
128,2,2.4,75,V100,0.785137750769798
128,2,2.4,100,M60,0.7792070123546456
128,2,2.4,100,K80,0.8298326985293663
128,2,2.4,100,T4,0.8384929966339553
128,2,2.4,100,V100,0.6566617372356081
128,3,0.8,50,M60,0.779456556259711
128,3,0.8,50,K80,0.8255039964275519
128,3,0.8,50,T4,0.8655478356284654
128,3,0.8,50,V100,0.8221678163237491
128,3,0.8,75,M60,0.6853591003010184
128,3,0.8,75,K80,0.7800282261242286
128,3,0.8,75,T4,0.6946461317251655
128,3,0.8,75,V100,0.7904628424116427
128,3,0.8,100,M60,0.8698578203464815
128,3,0.8,100,K80,0.8273002318619738
128,3,0.8,100,T4,0.7721535738448673
128,3,0.8,100,V100,0.728648935632522
128,3,1.2,50,M60,0.8334162563870815
128,3,1.2,50,K80,0.8535697858290413
128,3,1.2,50,T4,0.8078754532237014
128,3,1.2,50,V100,0.8047272129882068
128,3,1.2,75,M60,0.7306868625364769
128,3,1.2,75,K80,0.8404814605334989
128,3,1.2,75,T4,0.6700478892569606
128,3,1.2,75,V100,0.7509339341980978
128,3,1.2,100,M60,0.8334734939225285
128,3,1.2,100,K80,0.888792251599793
128,3,1.2,100,T4,0.7295833395960676
128,3,1.2,100,V100,0.7522613016946972
128,3,1.6,50,M60,0.7822827719569259
128,3,1.6,50,K80,0.698370933351065
128,3,1.6,50,T4,0.6628424994454029
128,3,1.6,50,V100,0.7483429098571845
128,3,1.6,75,M60,0.7201196958739496
128,3,1.6,75,K80,0.6913022017742445
128,3,1.6,75,T4,0.8022033875003084
128,3,1.6,75,V100,0.8318505593361621
128,3,1.6,100,M60,0.7143024290437022
128,3,1.6,100,K80,0.6536333704358276
128,3,1.6,100,T4,0.773926673280646
128,3,1.6,100,V100,0.7211805699603019
128,3,2.4,50,M60,0.8070925097624927
128,3,2.4,50,K80,0.8006583156561762
128,3,2.4,50,T4,0.7448041587479559
128,3,2.4,50,V100,0.7633295421742721
128,3,2.4,75,M60,0.7519458017337513
128,3,2.4,75,K80,0.6917225066591479
128,3,2.4,75,T4,0.7323556451698258
128,3,2.4,75,V100,0.8501818205434548
128,3,2.4,100,M60,0.7913634185753143
128,3,2.4,100,K80,0.8223411813625718
128,3,2.4,100,T4,0.8152003293112784
128,3,2.4,100,V100,0.8795563287091028
128,4,0.8,50,M60,0.8159268458624234
128,4,0.8,50,K80,0.7982216560555803
128,4,0.8,50,T4,0.754161922637623
128,4,0.8,50,V100,0.8674921871070023
128,4,0.8,75,M60,0.817681161809604
128,4,0.8,75,K80,0.8380158053814046
128,4,0.8,75,T4,0.6981803341164002
128,4,0.8,75,V100,0.7940409358661445
128,4,0.8,100,M60,0.8459844990639123
128,4,0.8,100,K80,0.683306837972828
128,4,0.8,100,T4,0.6745933958696233
128,4,0.8,100,V100,0.8111920461051297
128,4,1.2,50,M60,0.7554466633634366
128,4,1.2,50,K80,0.7053249799902986
128,4,1.2,50,T4,0.7134975612954957
128,4,1.2,50,V100,0.7241009980302352
128,4,1.2,75,M60,0.8309703541773066
128,4,1.2,75,K80,0.831282201233035
128,4,1.2,75,T4,0.6720924928612887
128,4,1.2,75,V100,0.6552513285325298
128,4,1.2,100,M60,0.8094036435423672
128,4,1.2,100,K80,0.732214232271441
128,4,1.2,100,T4,0.6862748730756
128,4,1.2,100,V100,0.8237122985684278
128,4,1.6,50,M60,0.6532117275174945
128,4,1.6,50,K80,0.8171076174761511
128,4,1.6,50,T4,0.9814798641117722
128,4,1.6,50,V100,0.9705922351879063
128,4,1.6,75,M60,0.7143773262546702
128,4,1.6,75,K80,0.702612978630354
128,4,1.6,75,T4,0.821913429012518
128,4,1.6,75,V100,0.7589437793871322
128,4,1.6,100,M60,0.7762560384370991
128,4,1.6,100,K80,0.8329211192250559
128,4,1.6,100,T4,0.7612222444800005
128,4,1.6,100,V100,0.6662451881853546
128,4,2.4,50,M60,0.7943250594461229
128,4,2.4,50,K80,0.881803423070321
128,4,2.4,50,T4,0.96069932115919
128,4,2.4,50,V100,0.9325107094119437
128,4,2.4,75,M60,0.7930350991633057
128,4,2.4,75,K80,0.749244002714321
128,4,2.4,75,T4,0.6733178919042533
128,4,2.4,75,V100,0.6693021104103212
128,4,2.4,100,M60,0.7650520445899666
128,4,2.4,100,K80,0.8319420743872485
128,4,2.4,100,T4,0.8621043244670549
128,4,2.4,100,V100,0.7109696015075547
128,5,0.8,50,M60,0.7996194177428851
128,5,0.8,50,K80,0.7688262534534892
128,5,0.8,50,T4,0.8188479800960446
128,5,0.8,50,V100,0.8066589145999625
128,5,0.8,75,M60,0.7539087679685081
128,5,0.8,75,K80,0.8287634552936924
128,5,0.8,75,T4,0.8383799981991992
128,5,0.8,75,V100,0.8555869798956213
128,5,0.8,100,M60,0.6689190532696099
128,5,0.8,100,K80,0.825950105047983
128,5,0.8,100,T4,0.8085811951829531
128,5,0.8,100,V100,0.7322391763620448
128,5,1.2,50,M60,0.6632084594037351
128,5,1.2,50,K80,0.7077873302886571
128,5,1.2,50,T4,0.732128283078876
128,5,1.2,50,V100,0.7367442993618518
128,5,1.2,75,M60,0.7263500201495137
128,5,1.2,75,K80,0.7460533500256078
128,5,1.2,75,T4,0.7649208956115608
128,5,1.2,75,V100,0.7950306519473701
128,5,1.2,100,M60,0.7864456906160693
128,5,1.2,100,K80,0.8304591968203916
128,5,1.2,100,T4,0.8870167414111261
128,5,1.2,100,V100,0.7547543908170687
128,5,1.6,50,M60,0.793819869252617
128,5,1.6,50,K80,0.7875192669611063
128,5,1.6,50,T4,0.9256893219179687
128,5,1.6,50,V100,0.9883530520645996
128,5,1.6,75,M60,0.8799911348845725
128,5,1.6,75,K80,0.8693636614145767
128,5,1.6,75,T4,0.6532998841986052
128,5,1.6,75,V100,0.8780963243737911
128,5,1.6,100,M60,0.6793122875780129
128,5,1.6,100,K80,0.6973547544568441
128,5,1.6,100,T4,0.7835910277719824
128,5,1.6,100,V100,0.8113139548798123
128,5,2.4,50,M60,0.7020502814492338
128,5,2.4,50,K80,0.7991692944621338
128,5,2.4,50,T4,0.9148603843623717
128,5,2.4,50,V100,0.9589371547814848
128,5,2.4,75,M60,0.8215379801011916
128,5,2.4,75,K80,0.8787912725152427
128,5,2.4,75,T4,0.7701360574661732
128,5,2.4,75,V100,0.757434623207428
128,5,2.4,100,M60,0.7862980982567667
128,5,2.4,100,K80,0.7304514298469151
128,5,2.4,100,T4,0.7592722128820998
128,5,2.4,100,V100,0.7671131505508815
